No.	MOL_ID	nAT	nBT	nBM	nCIC	nCIR	nDB	nTB	nAB	nH	nC	nN	nO	nP	nS	nF	nCL	nBR	nI	nB	nHM	nX	nR03	nR04	nR05	nR06	nR07	nR08	nR09	nR10	nR11	nR12	nBnz
1	C2H4O	7	6	1	0	0	1	0	0	4	2	0	1	0	0	0	0	0	0	0	0	0	0	0	0	0	0	0	0	0	0	0	0
2	C8H9O2N	20	20	7	1	1	1	0	6	9	8	1	2	0	0	0	0	0	0	0	0	0	0	0	0	1	0	0	0	0	0	0	1
3	C4H6O3N4S2	19	19	8	1	1	3	0	5	6	4	4	3	0	2	0	0	0	0	0	0	0	0	0	1	0	0	0	0	0	0	0	0
4	C15H20O4SN2	42	43	10	2	2	4	0	6	20	15	2	4	0	1	0	0	0	0	0	0	0	0	0	0	2	0	0	0	0	0	0	1
5	C20H28O2	50	50	6	1	1	6	0	0	28	20	0	2	0	0	0	0	0	0	0	0	0	0	0	0	1	0	0	0	0	0	0	0
6	C4H6N4O3	17	17	3	1	1	3	0	0	6	4	4	3	0	0	0	0	0	0	0	0	0	0	0	1	0	0	0	0	0	0	0	0
7	C17H13N4Cl	35	38	18	4	7	1	0	17	13	17	4	0	0	0	0	1	0	0	0	0	1	0	0	1	2	1	0	0	1	1	0	2
8	C6H8N7OCl	23	23	8	1	1	2	0	6	8	6	7	1	0	0	0	1	0	0	0	0	1	0	0	0	1	0	0	0	0	0	0	0
9	C13H10N2	25	27	16	3	6	0	0	16	10	13	2	0	0	0	0	0	0	0	0	0	0	0	0	0	3	0	0	0	2	0	0	2
10	C13H16O2N2	33	34	8	2	2	2	0	6	16	13	2	2	0	0	0	0	0	0	0	0	0	0	0	0	2	0	0	0	0	0	0	1
11	C19H20N8O5	52	54	20	3	4	3	0	17	20	19	8	5	0	0	0	0	0	0	0	0	0	0	0	0	3	0	0	0	1	0	0	1
12	C20H23N	44	46	13	3	6	1	0	12	23	20	1	0	0	0	0	0	0	0	0	0	0	0	0	0	2	1	0	0	0	2	0	2
13	C11H18O3N2	34	34	3	1	1	3	0	0	18	11	2	3	0	0	0	0	0	0	0	0	0	0	0	0	1	0	0	0	0	0	0	0
14	C16H19SN3O5	44	46	9	3	4	3	0	6	19	16	3	5	0	1	0	0	0	0	0	0	0	0	1	1	1	1	0	0	0	0	0	1
15	C16H19SN3O4	43	45	9	3	4	3	0	6	19	16	3	4	0	1	0	0	0	0	0	0	0	0	1	1	1	1	0	0	0	0	0	1
16	C22H28O2N2	54	56	13	3	3	1	0	12	28	22	2	2	0	0	0	0	0	0	0	0	0	0	0	0	3	0	0	0	0	0	0	2
17	C6H8O6	20	20	2	1	1	2	0	0	8	6	0	6	0	0	0	0	0	0	0	0	0	0	0	1	0	0	0	0	0	0	0	0
18	C17H23NO3	44	46	7	3	4	1	0	6	23	17	1	3	0	0	0	0	0	0	0	0	0	0	0	1	2	1	0	0	0	0	0	1
19	C8H12N4O5	29	30	3	2	2	3	0	0	12	8	4	5	0	0	0	0	0	0	0	0	0	0	0	1	1	0	0	0	0	0	0	0
20	C20H22N2	44	47	13	4	7	1	0	12	22	20	2	0	0	0	0	0	0	0	0	0	0	0	0	0	3	1	0	0	0	2	0	1
21	C21H27O7SN3	59	61	10	3	4	4	0	6	27	21	3	7	0	1	0	0	0	0	0	0	0	0	1	1	1	1	0	0	0	0	0	1
22	C22H29O5Cl	57	60	4	4	10	4	0	0	29	22	0	5	0	0	0	1	0	0	0	0	1	0	0	1	3	0	0	1	2	0	0	0
23	C15H14N3F3S2O4	41	43	16	3	4	4	0	12	14	15	3	4	0	2	3	0	0	0	0	0	3	0	0	0	3	0	0	0	1	0	0	2
24	C15H14S3N3O4Cl	40	42	17	3	4	5	0	12	14	15	3	4	0	3	0	1	0	0	0	0	1	0	0	0	3	0	0	0	1	0	0	2
25	C16H19N2Br	38	39	12	2	2	0	0	12	19	16	2	0	0	0	0	0	1	0	0	0	1	0	0	0	2	0	0	0	0	0	0	1
26	C6H14S2O6	28	27	4	0	0	4	0	0	14	6	0	6	0	2	0	0	0	0	0	0	0	0	0	0	0	0	0	0	0	0	0	0
27	C10H16O3N2	31	31	3	1	1	3	0	0	16	10	2	3	0	0	0	0	0	0	0	0	0	0	0	0	1	0	0	0	0	0	0	0
28	C11H16O3N2	32	32	4	1	1	4	0	0	16	11	2	3	0	0	0	0	0	0	0	0	0	0	0	0	1	0	0	0	0	0	0	0
29	C21H29NO2	53	57	6	5	11	0	0	6	29	21	1	2	0	0	0	0	0	0	0	0	0	0	1	0	4	0	1	0	3	0	1	1
30	C21H27N	49	51	12	3	6	0	0	12	27	21	1	0	0	0	0	0	0	0	0	0	0	0	0	0	2	1	0	0	0	2	0	2
31	C8H10N4O2	24	25	7	2	3	2	0	5	10	8	4	2	0	0	0	0	0	0	0	0	0	0	0	1	1	0	0	1	0	0	0	0
32	C10H16O	27	28	1	2	3	1	0	0	16	10	0	1	0	0	0	0	0	0	0	0	0	0	0	2	1	0	0	0	0	0	0	0
33	C18H27NO2	48	49	7	2	2	1	0	6	27	18	1	2	0	0	0	0	0	0	0	0	0	0	0	1	1	0	0	0	0	0	0	1
34	C17H18SN2O6	44	46	10	3	4	4	0	6	18	17	2	6	0	1	0	0	0	0	0	0	0	0	1	1	1	1	0	0	0	0	0	1
35	C7H10O2N2S	22	22	3	1	1	3	0	0	10	7	2	2	0	1	0	0	0	0	0	0	0	0	0	1	0	0	0	0	0	0	0	0
36	C15H14SClN3O4	38	40	10	3	4	4	0	6	14	15	3	4	0	1	0	1	0	0	0	0	1	0	1	0	2	0	1	0	0	0	0	1
37	C16H17N3SO5	42	44	10	3	4	4	0	6	17	16	3	5	0	1	0	0	0	0	0	0	0	0	1	0	2	0	1	0	0	0	0	1
38	C18H18N6O5S2	49	52	15	4	5	4	0	11	18	18	6	5	0	2	0	0	0	0	0	0	0	0	1	1	2	0	1	0	0	0	0	1
39	C18H18N6O5S2	49	52	15	4	5	4	0	11	18	18	6	5	0	2	0	0	0	0	0	0	0	0	1	1	2	0	1	0	0	0	0	1
40	C16H17N5O7S2	47	49	11	3	4	6	0	5	17	16	5	7	0	2	0	0	0	0	0	0	0	0	1	1	1	0	1	0	0	0	0	0
41	C16H17S2O7N3	45	47	10	3	4	5	0	5	17	16	3	7	0	2	0	0	0	0	0	0	0	0	1	1	1	0	1	0	0	0	0	0
42	C13H13N5O5S2	38	40	10	3	4	5	0	5	13	13	5	5	0	2	0	0	0	0	0	0	0	0	1	1	1	0	1	0	0	0	0	0
43	C16H16N4O8S	45	47	11	3	4	6	0	5	16	16	4	8	0	1	0	0	0	0	0	0	0	0	1	1	1	0	1	0	0	0	0	0
44	C16H17SN3O4	41	43	10	3	4	4	0	6	17	16	3	4	0	1	0	0	0	0	0	0	0	0	1	0	2	0	1	0	0	0	0	1
45	C16H16N2O6S2	42	44	10	3	4	5	0	5	16	16	2	6	0	2	0	0	0	0	0	0	0	0	1	1	1	0	1	0	0	0	0	0
46	C17H17N3O6S2	45	47	11	3	4	5	0	6	17	17	3	6	0	2	0	0	0	0	0	0	0	0	1	0	2	0	1	0	0	0	0	0
47	C16H19SN3O4	43	45	6	3	4	6	0	0	19	16	3	4	0	1	0	0	0	0	0	0	0	0	1	0	2	0	1	0	0	0	0	0
48	C14H19O2NCl2	38	38	7	1	1	1	0	6	19	14	1	2	0	0	0	2	0	0	0	0	2	0	0	0	1	0	0	0	0	0	0	1
49	C11H12O5N2Cl2	32	32	9	1	1	3	0	6	12	11	2	5	0	0	0	2	0	0	0	0	2	0	0	0	1	0	0	0	0	0	0	1
50	C16H14N3ClO	35	37	15	3	4	3	0	12	14	16	3	1	0	0	0	1	0	0	0	0	1	0	0	0	2	1	0	0	0	1	0	2
51	C7H6N3S2O4Cl	23	24	11	2	3	5	0	6	6	7	3	4	0	2	0	1	0	0	0	0	1	0	0	0	2	0	0	0	1	0	0	1
52	C23H21O3Cl	48	50	19	3	3	1	0	18	21	23	0	3	0	0	0	1	0	0	0	0	1	0	0	0	3	0	0	0	0	0	0	3
53	C16H19N2Cl	38	39	12	2	2	0	0	12	19	16	2	0	0	0	0	1	0	0	0	0	1	0	0	0	2	0	0	0	0	0	0	1
54	C10H13N2O3SCl	30	30	9	1	1	3	0	6	13	10	2	3	0	1	0	1	0	0	0	0	1	0	0	0	1	0	0	0	0	0	0	1
55	C22H23O8N2Cl	56	59	11	4	10	5	0	6	23	22	2	8	0	0	0	1	0	0	0	0	1	0	0	0	4	0	0	0	3	0	0	1
56	C14H11N2SO4Cl	33	35	15	3	4	3	0	12	11	14	2	4	0	1	0	1	0	0	0	0	1	0	0	1	2	0	0	1	0	0	0	2
57	C12H17O2N	32	33	3	2	2	3	0	0	17	12	1	2	0	0	0	0	0	0	0	0	0	0	0	0	2	0	0	0	0	0	0	0
58	C10H16N6S	33	33	7	1	1	1	1	5	16	10	6	0	0	1	0	0	0	0	0	0	0	0	0	1	0	0	0	0	0	0	0	0
59	C12H10N2O5	29	31	9	3	6	3	0	6	10	12	2	5	0	0	0	0	0	0	0	0	0	0	0	1	2	0	0	1	1	0	0	1
60	C18H33N2O5ClS	60	61	1	2	2	1	0	0	33	18	2	5	0	1	0	1	0	0	0	0	1	0	0	1	1	0	0	0	0	0	0	0
61	C26H28NOCl	57	59	19	3	3	1	0	18	28	26	1	1	0	0	0	1	0	0	0	0	1	0	0	0	3	0	0	0	0	0	0	3
62	C19H23N2Cl	45	47	12	3	6	0	0	12	23	19	2	0	0	0	0	1	0	0	0	0	1	0	0	0	2	1	0	0	0	2	0	2
63	C23H25O9N2Cl	60	63	11	4	10	5	0	6	25	23	2	9	0	0	0	1	0	0	0	0	1	0	0	0	4	0	0	0	3	0	0	1
64	C15H10O3N3Cl	32	34	16	3	4	4	0	12	10	15	3	3	0	0	0	1	0	0	0	0	1	0	0	0	2	1	0	0	0	1	0	2
65	C22H17ClN2	42	45	23	4	4	0	0	23	17	22	2	0	0	0	0	1	0	0	0	0	1	0	0	1	3	0	0	0	0	0	0	3
66	C19H18N3O5ClS	47	50	14	4	5	3	0	11	18	19	3	5	0	1	0	1	0	0	0	0	1	0	1	2	1	1	0	0	0	0	0	1
67	C18H21O3N	43	47	7	5	24	1	0	6	21	18	1	3	0	0	0	0	0	0	0	0	0	0	0	1	4	0	1	3	3	3	1	1
68	C21H28O5	54	57	4	4	10	4	0	0	28	21	0	5	0	0	0	0	0	0	0	0	0	0	0	1	3	0	0	1	2	0	0	0
69	C23H30O6	59	62	5	4	10	5	0	0	30	23	0	6	0	0	0	0	0	0	0	0	0	0	0	1	3	0	0	1	2	0	0	0
70	C9H6O2	17	18	8	2	3	2	0	6	6	9	0	2	0	0	0	0	0	0	0	0	0	0	0	0	2	0	0	0	1	0	0	1
71	C23H16O11	50	53	18	4	6	6	0	12	16	23	0	11	0	0	0	0	0	0	0	0	0	0	0	0	4	0	0	0	2	0	0	2
72	C15H23N3O4S	46	48	3	3	4	3	0	0	23	15	3	4	0	1	0	0	0	0	0	0	0	0	1	1	1	1	0	0	0	0	0	0
73	C18H25ON	45	48	6	4	7	0	0	6	25	18	1	1	0	0	0	0	0	0	0	0	0	1	0	0	3	0	1	0	1	0	1	1
74	C13H18O4N3S2Cl	41	43	8	3	4	2	0	6	18	13	3	4	0	2	0	1	0	0	0	0	1	0	0	1	2	0	0	0	1	0	0	1
75	C21H21N	43	46	14	4	7	2	0	12	21	21	1	0	0	0	0	0	0	0	0	0	0	0	0	0	3	1	0	0	0	2	0	2
76	C9H13N3O5	30	31	3	2	2	3	0	0	13	9	3	5	0	0	0	0	0	0	0	0	0	0	0	1	1	0	0	0	0	0	0	0
77	C27H29O10N	67	71	15	5	11	3	0	12	29	27	1	10	0	0	0	0	0	0	0	0	0	0	0	0	5	0	0	0	3	0	0	2
78	C21H21O8ClN2	53	56	11	4	10	5	0	6	21	21	2	8	0	0	0	1	0	0	0	0	1	0	0	0	4	0	0	0	3	0	0	1
79	C22H29O5F	57	60	4	4	10	4	0	0	29	22	0	5	0	0	1	0	0	0	0	0	1	0	0	1	3	0	0	1	2	0	0	0
80	C11H9O4N2I3	29	29	9	1	1	3	0	6	9	11	2	4	0	0	0	0	0	3	0	0	3	0	0	0	1	0	0	0	0	0	0	1
81	C16H13N2OCl	33	35	14	3	4	2	0	12	13	16	2	1	0	0	0	1	0	0	0	0	1	0	0	0	2	1	0	0	0	1	0	2
82	C18H21N3O	43	45	13	3	6	1	0	12	21	18	3	1	0	0	0	0	0	0	0	0	0	0	0	0	2	1	0	0	0	2	0	2
83	C19H17N3O5Cl2S	47	50	14	4	5	3	0	11	17	19	3	5	0	1	0	2	0	0	0	0	2	0	1	2	1	1	0	0	0	0	0	1
84	C19H12O6	37	40	16	4	6	4	0	12	12	19	0	6	0	0	0	0	0	0	0	0	0	0	0	0	4	0	0	0	2	0	0	2
85	C19H35NO2	57	58	1	2	2	1	0	0	35	19	1	2	0	0	0	0	0	0	0	0	0	0	0	0	2	0	0	0	0	0	0	0
86	C18H18O2	38	39	14	2	2	2	0	12	18	18	0	2	0	0	0	0	0	0	0	0	0	0	0	0	2	0	0	0	0	0	0	2
87	C13H19NO	34	34	7	1	1	1	0	6	19	13	1	1	0	0	0	0	0	0	0	0	0	0	0	0	1	0	0	0	0	0	0	1
88	C18H20O2	40	41	13	2	2	1	0	12	20	18	0	2	0	0	0	0	0	0	0	0	0	0	0	0	2	0	0	0	0	0	0	2
89	C23H16O3	42	45	21	4	5	3	0	18	16	23	0	3	0	0	0	0	0	0	0	0	0	0	0	1	3	0	0	1	0	0	0	3
90	C17H21NO	40	41	12	2	2	0	0	12	21	17	1	1	0	0	0	0	0	0	0	0	0	0	0	0	2	0	0	0	0	0	0	2
91	C24H40O4N8	76	79	11	4	5	0	0	11	40	24	8	4	0	0	0	0	0	0	0	0	0	0	0	0	4	0	0	0	1	0	0	0
92	C20H38O7S	66	65	4	0	0	4	0	0	38	20	0	7	0	1	0	0	0	0	0	0	0	0	0	0	0	0	0	0	0	0	0	0
93	C19H21NS	42	44	13	3	6	1	0	12	21	19	1	0	0	1	0	0	0	0	0	0	0	0	0	0	2	1	0	0	0	2	0	2
94	C27H29O11N	68	72	15	5	11	3	0	12	29	27	1	11	0	0	0	0	0	0	0	0	0	0	0	0	5	0	0	0	3	0	0	2
95	C17H22N2O	42	43	12	2	2	0	0	12	22	17	2	1	0	0	0	0	0	0	0	0	0	0	0	0	2	0	0	0	0	0	0	1
96	C22H28O2N2	54	56	13	3	3	1	0	12	28	22	2	2	0	0	0	0	0	0	0	0	0	0	0	0	3	0	0	0	0	0	0	2
97	C10H15NO	27	27	6	1	1	0	0	6	15	10	1	1	0	0	0	0	0	0	0	0	0	0	0	0	1	0	0	0	0	0	0	1
98	C9H13NO3	26	26	6	1	1	0	0	6	13	9	1	3	0	0	0	0	0	0	0	0	0	0	0	0	1	0	0	0	0	0	0	1
99	C18H24O2	44	47	6	4	10	0	0	6	24	18	0	2	0	0	0	0	0	0	0	0	0	0	0	1	3	0	0	1	2	0	0	1
100	C18H22O2	42	45	7	4	10	1	0	6	22	18	0	2	0	0	0	0	0	0	0	0	0	0	0	1	3	0	0	1	2	0	0	1
101	C13H12O4Cl2	31	31	9	1	1	3	0	6	12	13	0	4	0	0	0	2	0	0	0	0	2	0	0	0	1	0	0	0	0	0	0	1
102	C10H24O2N2	38	37	0	0	0	0	0	0	24	10	2	2	0	0	0	0	0	0	0	0	0	0	0	0	0	0	0	0	0	0	0	0
103	C2H6O	9	8	0	0	0	0	0	0	6	2	0	1	0	0	0	0	0	0	0	0	0	0	0	0	0	0	0	0	0	0	0	0
104	C20H24O2	46	49	7	4	10	0	1	6	24	20	0	2	0	0	0	0	0	0	0	0	0	0	0	1	3	0	0	1	2	0	0	1
105	C21H28O2	51	54	3	4	10	2	1	0	28	21	0	2	0	0	0	0	0	0	0	0	0	0	0	1	3	0	0	1	2	0	0	0
106	C16H23O2N	42	43	7	2	2	1	0	6	23	16	1	2	0	0	0	0	0	0	0	0	0	0	0	0	1	1	0	0	0	0	0	1
107	C22H16O8	46	49	17	4	6	5	0	12	16	22	0	8	0	0	0	0	0	0	0	0	0	0	0	0	4	0	0	0	2	0	0	2
108	C20H28O2	50	53	2	4	10	1	1	0	28	20	0	2	0	0	0	0	0	0	0	0	0	0	0	1	3	0	0	1	2	0	0	0
109	C24H32O4	60	63	4	4	10	3	1	0	32	24	0	4	0	0	0	0	0	0	0	0	0	0	0	1	3	0	0	1	2	0	0	0
110	C29H32O13	74	80	13	7	14	1	0	12	32	29	0	13	0	0	0	0	0	0	0	0	0	0	0	2	5	0	0	2	2	0	0	2
111	C23H30O3	56	56	11	1	1	5	0	6	30	23	0	3	0	0	0	0	0	0	0	0	0	0	0	0	1	0	0	0	0	0	0	1
112	C15H14O3	32	33	13	2	2	1	0	12	14	15	0	3	0	0	0	0	0	0	0	0	0	0	0	0	2	0	0	0	0	0	0	2
113	C17H21O4N	43	44	12	2	2	0	0	12	21	17	1	4	0	0	0	0	0	0	0	0	0	0	0	0	2	0	0	0	0	0	0	2
114	C22H28ON2	53	55	13	3	3	1	0	12	28	22	2	1	0	0	0	0	0	0	0	0	0	0	0	0	3	0	0	0	0	0	0	2
115	C16H12N3O3F	35	37	16	3	4	4	0	12	12	16	3	3	0	0	1	0	0	0	0	0	1	0	0	0	2	1	0	0	0	1	0	2
116	C4H3FN2O2	12	12	3	1	1	3	0	0	3	4	2	2	0	0	1	0	0	0	0	0	1	0	0	0	1	0	0	0	0	0	0	0
117	C17H18NOF3	40	41	12	2	2	0	0	12	18	17	1	1	0	0	3	0	0	0	0	0	3	0	0	0	2	0	0	0	0	0	0	2
118	C19H19N7O6	51	53	17	3	4	5	0	12	19	19	7	6	0	0	0	0	0	0	0	0	0	0	0	0	3	0	0	0	1	0	0	1
119	CH2O	4	3	1	0	0	1	0	0	2	1	0	1	0	0	0	0	0	0	0	0	0	0	0	0	0	0	0	0	0	0	0	0
120	C8H7O5N3	23	24	9	2	2	4	0	5	7	8	3	5	0	0	0	0	0	0	0	0	0	0	0	2	0	0	0	0	0	0	0	0
121	C25H30N3	58	60	16	3	3	4	0	12	30	25	3	0	0	0	0	0	0	0	0	0	0	0	0	0	3	0	0	0	0	0	0	2
122	C23H28O5ClN3S	61	63	16	3	3	4	0	12	28	23	3	5	0	1	0	1	0	0	0	0	1	0	0	0	3	0	0	0	0	0	0	2
123	C9H9N3OCl2	24	24	8	1	1	2	0	6	9	9	3	1	0	0	0	2	0	0	0	0	2	0	0	0	1	0	0	0	0	0	0	1
124	C21H23O2NFCl	49	51	13	3	3	1	0	12	23	21	1	2	0	0	1	1	0	0	0	0	2	0	0	0	3	0	0	0	0	0	0	2
125	C10H5Cl7	22	24	2	3	6	2	0	0	5	10	0	0	0	0	0	7	0	0	0	0	7	0	0	3	1	0	1	1	0	0	0	0
126	C21H23O5N	50	54	9	5	24	3	0	6	23	21	1	5	0	0	0	0	0	0	0	0	0	0	0	1	4	0	1	3	3	3	1	1
127	C19H23N3O4S	50	53	9	4	5	3	0	6	23	19	3	4	0	1	0	0	0	0	0	0	0	0	1	2	1	1	0	0	0	0	0	1
128	C7H8N3S2O4Cl	25	26	10	2	3	4	0	6	8	7	3	4	0	2	0	1	0	0	0	0	1	0	0	0	2	0	0	0	1	0	0	1
129	C18H21O3N	43	47	7	5	24	1	0	6	21	18	1	3	0	0	0	0	0	0	0	0	0	0	0	1	4	0	1	3	3	3	1	1
130	C17H19O3N	40	44	7	5	24	1	0	6	19	17	1	3	0	0	0	0	0	0	0	0	0	0	0	1	4	0	1	3	3	3	1	1
131	C21H30O3	54	57	3	4	10	3	0	0	30	21	0	3	0	0	0	0	0	0	0	0	0	0	0	1	3	0	0	1	2	0	0	0
132	CH4N2O2	9	8	1	0	0	1	0	0	4	1	2	2	0	0	0	0	0	0	0	0	0	0	0	0	0	0	0	0	0	0	0	0
133	C21H27O2N2Cl	53	55	12	3	3	0	0	12	27	21	2	2	0	0	0	1	0	0	0	0	1	0	0	0	3	0	0	0	0	0	0	2
134	C13H18O2	33	33	7	1	1	1	0	6	18	13	0	2	0	0	0	0	0	0	0	0	0	0	0	0	1	0	0	0	0	0	0	1
135	C19H24N2	45	47	12	3	6	0	0	12	24	19	2	0	0	0	0	0	0	0	0	0	0	0	0	0	2	1	0	0	0	2	0	2
136	C19H16O4NCl	41	43	18	3	4	2	0	16	16	19	1	4	0	0	0	1	0	0	0	0	1	0	0	1	2	0	0	1	0	0	0	2
137	C12H13N2O3I3	33	33	8	1	1	2	0	6	13	12	2	3	0	0	0	0	0	3	0	0	3	0	0	0	1	0	0	0	0	0	0	1
138	C12H11O4N2I3	32	32	9	1	1	3	0	6	11	12	2	4	0	0	0	0	0	3	0	0	3	0	0	0	1	0	0	0	0	0	0	1
139	C6H11IO3	21	21	0	1	1	0	0	0	11	6	0	3	0	0	0	0	0	1	0	0	1	0	0	1	0	0	0	0	0	0	0	0
140	C9H5OI2N	18	19	11	2	3	0	0	11	5	9	1	1	0	0	0	0	0	2	0	0	2	0	0	0	2	0	0	0	1	0	0	1
141	C11H12I3NO2	29	29	7	1	1	1	0	6	12	11	1	2	0	0	0	0	0	3	0	0	3	0	0	0	1	0	0	0	0	0	0	1
142	C11H9N2O4I3	29	29	9	1	1	3	0	6	9	11	2	4	0	0	0	0	0	3	0	0	3	0	0	0	1	0	0	0	0	0	0	1
143	C12H13N2I3O2	32	32	8	1	1	2	0	6	13	12	2	2	0	0	0	0	0	3	0	0	3	0	0	0	1	0	0	0	0	0	0	1
144	C19H28N2	49	51	10	3	6	0	0	10	28	19	2	0	0	0	0	0	0	0	0	0	0	0	0	1	1	0	1	1	0	1	0	1
145	C23H33N2O	59	60	13	2	2	1	0	12	33	23	2	1	0	0	0	0	0	0	0	0	0	0	0	0	2	0	0	0	0	0	0	2
146	C11H17NO3	32	32	6	1	1	0	0	6	17	11	1	3	0	0	0	0	0	0	0	0	0	0	0	0	1	0	0	0	0	0	0	1
147	C18H36N4O11	69	71	0	3	3	0	0	0	36	18	4	11	0	0	0	0	0	0	0	0	0	0	0	0	3	0	0	0	0	0	0	0
148	C19H25ON	46	49	7	4	10	1	0	6	25	19	1	1	0	0	0	0	0	0	0	0	0	0	0	0	4	0	1	0	3	0	1	1
149	C17H23NO	42	45	6	4	10	0	0	6	23	17	1	1	0	0	0	0	0	0	0	0	0	0	0	0	4	0	1	0	3	0	1	1
150	C14H22N2O	39	39	7	1	1	1	0	6	22	14	2	1	0	0	0	0	0	0	0	0	0	0	0	0	1	0	0	0	0	0	0	1
151	C6H6Cl6	18	18	0	1	1	0	0	0	6	6	0	0	0	0	0	6	0	0	0	0	6	0	0	0	1	0	0	0	0	0	0	0
152	C15H12NI3O4	35	36	13	2	2	1	0	12	12	15	1	4	0	0	0	0	0	3	0	0	3	0	0	0	2	0	0	0	0	0	0	2
153	C29H33N2O2Cl	67	70	19	4	4	1	0	18	33	29	2	2	0	0	0	1	0	0	0	0	1	0	0	0	4	0	0	0	0	0	0	3
154	C15H10O2N2Cl2	31	33	14	3	4	2	0	12	10	15	2	2	0	0	0	2	0	0	0	0	2	0	0	0	2	1	0	0	0	1	0	2
155	C20H28O	49	52	2	4	10	1	1	0	28	20	0	1	0	0	0	0	0	0	0	0	0	0	0	1	3	0	0	1	2	0	0	0
156	C10H19O6S2P	38	37	3	0	0	3	0	0	19	10	0	6	1	2	0	0	0	0	0	0	0	0	0	0	0	0	0	0	0	0	0	0
157	C20H23N	44	47	12	4	10	0	0	12	23	20	1	0	0	0	0	0	0	0	0	0	0	0	0	0	5	0	0	0	4	0	0	2
158	C5H11NCl2	19	18	0	0	0	0	0	0	11	5	1	0	0	0	0	2	0	0	0	0	2	0	0	0	0	0	0	0	0	0	0	0
159	C14H11Cl2NO2	30	31	13	2	2	1	0	12	11	14	1	2	0	0	0	2	0	0	0	0	2	0	0	0	2	0	0	0	0	0	0	2
160	C22H32O3	57	60	3	4	10	3	0	0	32	22	0	3	0	0	0	0	0	0	0	0	0	0	0	1	3	0	0	1	2	0	0	0
161	C13H18N2Cl2O2	37	37	7	1	1	1	0	6	18	13	2	2	0	0	0	2	0	0	0	0	2	0	0	0	1	0	0	0	0	0	0	1
162	C13H14O3N2	32	33	9	2	2	3	0	6	14	13	2	3	0	0	0	0	0	0	0	0	0	0	0	0	2	0	0	0	0	0	0	1
163	C9H18O4N2	33	32	2	0	0	2	0	0	18	9	2	4	0	0	0	0	0	0	0	0	0	0	0	0	0	0	0	0	0	0	0	0
164	C5H4SN4	14	15	7	2	3	2	0	5	4	5	4	0	0	1	0	0	0	0	0	0	0	0	0	1	1	0	0	1	0	0	0	0
165	C21H26O2	49	52	7	4	10	0	1	6	26	21	0	2	0	0	0	0	0	0	0	0	0	0	0	1	3	0	0	1	2	0	0	1
166	C9H13NO2	25	25	6	1	1	0	0	6	13	9	1	2	0	0	0	0	0	0	0	0	0	0	0	0	1	0	0	0	0	0	0	1
167	C21H27ON	50	51	13	2	2	1	0	12	27	21	1	1	0	0	0	0	0	0	0	0	0	0	0	0	2	0	0	0	0	0	0	2
168	C16H14N2O	33	35	14	3	4	2	0	12	14	16	2	1	0	0	0	0	0	0	0	0	0	0	0	0	3	0	0	0	1	0	0	2
169	C9H14O3N2	28	28	3	1	1	3	0	0	14	9	2	3	0	0	0	0	0	0	0	0	0	0	0	0	1	0	0	0	0	0	0	0
170	C17H20N2O6S	46	48	9	3	4	3	0	6	20	17	2	6	0	1	0	0	0	0	0	0	0	0	1	1	1	1	0	0	0	0	0	1
171	C4H6N2S	13	13	2	1	1	2	0	0	6	4	2	0	0	1	0	0	0	0	0	0	0	0	0	1	0	0	0	0	0	0	0	0
172	C20H22O5N8	55	57	20	3	4	3	0	17	22	20	8	5	0	0	0	0	0	0	0	0	0	0	0	0	3	0	0	0	1	0	0	1
173	C9H11N3Cl2S2O4	31	32	10	2	3	4	0	6	11	9	3	4	0	2	0	2	0	0	0	0	2	0	0	0	2	0	0	0	1	0	0	1
174	C14H22N3O2Cl	42	42	7	1	1	1	0	6	22	14	3	2	0	0	0	1	0	0	0	0	1	0	0	0	1	0	0	0	0	0	0	1
175	C16H16N3ClSO3	40	42	15	3	4	3	0	12	16	16	3	3	0	1	0	1	0	0	0	0	1	0	0	0	3	0	0	0	1	0	0	2
176	C15H25O3N	44	44	6	1	1	0	0	6	25	15	1	3	0	0	0	0	0	0	0	0	0	0	0	0	1	0	0	0	0	0	0	1
177	C6H9N3O3	21	21	7	1	1	2	0	5	9	6	3	3	0	0	0	0	0	0	0	0	0	0	0	1	0	0	0	0	0	0	0	0
178	C17H19O3N	40	44	7	5	24	1	0	6	19	17	1	3	0	0	0	0	0	0	0	0	0	0	0	1	4	0	1	3	3	3	1	1
179	C15H21O2N	39	40	7	2	2	1	0	6	21	15	1	2	0	0	0	0	0	0	0	0	0	0	0	0	2	0	0	0	0	0	0	1
180	C21H22N2O5S	51	54	14	4	6	3	0	11	22	21	2	5	0	1	0	0	0	0	0	0	0	0	1	1	2	1	0	0	1	0	0	2
181	C21H27O4N	53	58	6	6	25	0	0	6	27	21	1	4	0	0	0	0	0	0	0	0	0	0	1	1	4	0	1	3	3	3	1	1
182	C12H12N2O3	29	30	9	2	3	3	0	6	12	12	2	3	0	0	0	0	0	0	0	0	0	0	0	0	2	0	0	0	1	0	0	0
183	C19H21O3N	44	48	8	5	24	2	0	6	21	19	1	3	0	0	0	0	0	0	0	0	0	0	0	1	4	0	1	3	3	3	1	1
184	C19H21O4N	45	49	8	5	24	2	0	6	21	19	1	4	0	0	0	0	0	0	0	0	0	0	0	1	4	0	1	3	3	3	1	1
185	C14H14O3	31	32	12	2	3	1	0	11	14	14	0	3	0	0	0	0	0	0	0	0	0	0	0	0	2	0	0	0	1	0	0	2
186	C6H5O2N	14	14	7	1	1	1	0	6	5	6	1	2	0	0	0	0	0	0	0	0	0	0	0	0	1	0	0	0	0	0	0	0
187	C6H6N2O	15	15	7	1	1	1	0	6	6	6	2	1	0	0	0	0	0	0	0	0	0	0	0	0	1	0	0	0	0	0	0	0
188	C19H15O6N	41	43	17	3	4	5	0	12	15	19	1	6	0	0	0	0	0	0	0	0	0	0	0	0	3	0	0	0	1	0	0	2
189	C8H6O5N4	23	24	10	2	2	5	0	5	6	8	4	5	0	0	0	0	0	0	0	0	0	0	0	2	0	0	0	0	0	0	0	0
190	C6H6N4O4	20	20	9	1	1	4	0	5	6	6	4	4	0	0	0	0	0	0	0	0	0	0	0	1	0	0	0	0	0	0	0	0
191	C20H26O2	48	51	3	4	10	2	1	0	26	20	0	2	0	0	0	0	0	0	0	0	0	0	0	1	3	0	0	1	2	0	0	0
192	C20H26O2	48	51	3	4	10	2	1	0	26	20	0	2	0	0	0	0	0	0	0	0	0	0	0	1	3	0	0	1	2	0	0	0
193	C21H28O2	51	54	3	4	10	2	1	0	28	21	0	2	0	0	0	0	0	0	0	0	0	0	0	1	3	0	0	1	2	0	0	0
194	C19H21N	41	43	13	3	6	1	0	12	21	19	1	0	0	0	0	0	0	0	0	0	0	0	0	0	2	1	0	0	0	2	0	2
195	C23H29ON3	56	59	13	4	7	1	0	12	29	23	3	1	0	0	0	0	0	0	0	0	0	0	0	0	3	1	0	0	0	2	0	2
196	C29H44O12	85	90	2	6	12	2	0	0	44	29	0	12	0	0	0	0	0	0	0	0	0	0	0	2	4	0	0	1	2	0	0	0
197	C19H19SN3O5	47	50	14	4	5	3	0	11	19	19	3	5	0	1	0	0	0	0	0	0	0	0	1	2	1	1	0	0	0	0	0	1
198	C15H11O2N2Cl	31	33	14	3	4	2	0	12	11	15	2	2	0	0	0	1	0	0	0	0	1	0	0	0	2	1	0	0	0	1	0	2
199	C18H21O4N	44	48	7	5	24	1	0	6	21	18	1	4	0	0	0	0	0	0	0	0	0	0	0	1	4	0	1	3	3	3	1	1
200	C16H24N2O	43	44	7	2	2	1	0	6	24	16	2	1	0	0	0	0	0	0	0	0	0	0	0	1	1	0	0	0	0	0	0	1
201	C17H19NO4	41	45	7	5	24	1	0	6	19	17	1	4	0	0	0	0	0	0	0	0	0	0	0	1	4	0	1	3	3	3	1	1
202	C19H20O3N2	44	46	14	3	3	2	0	12	20	19	2	3	0	0	0	0	0	0	0	0	0	0	0	1	2	0	0	0	0	0	0	2
203	C9H17O5N	32	31	2	0	0	2	0	0	17	9	1	5	0	0	0	0	0	0	0	0	0	0	0	0	0	0	0	0	0	0	0	0
204	C7H11O3N	22	22	2	1	1	2	0	0	11	7	1	3	0	0	0	0	0	0	0	0	0	0	0	1	0	0	0	0	0	0	0	0
205	C21H26O5	52	55	5	4	10	5	0	0	26	21	0	5	0	0	0	0	0	0	0	0	0	0	0	1	3	0	0	1	2	0	0	0
206	C5H11SNO2	20	19	1	0	0	1	0	0	11	5	1	2	0	1	0	0	0	0	0	0	0	0	0	0	0	0	0	0	0	0	0	0
207	C16H18N2O4S	41	43	9	3	4	3	0	6	18	16	2	4	0	1	0	0	0	0	0	0	0	0	1	1	1	1	0	0	0	0	0	1
208	C16H18N2O5S	42	44	9	3	4	3	0	6	18	16	2	5	0	1	0	0	0	0	0	0	0	0	1	1	1	1	0	0	0	0	0	1
209	C19H27ON	48	50	7	3	6	1	0	6	27	19	1	1	0	0	0	0	0	0	0	0	0	0	0	0	3	0	1	0	1	0	1	1
210	C11H18O3N2	34	34	3	1	1	3	0	0	18	11	2	3	0	0	0	0	0	0	0	0	0	0	0	0	1	0	0	0	0	0	0	0
211	C21H26ON3SCl	53	56	12	4	7	0	0	12	26	21	3	1	0	1	0	1	0	0	0	0	1	0	0	0	4	0	0	0	2	0	0	2
212	C10H13O2N	26	26	7	1	1	1	0	6	13	10	1	2	0	0	0	0	0	0	0	0	0	0	0	0	1	0	0	0	0	0	0	1
213	C22H27ON	51	54	12	4	7	0	0	12	27	22	1	1	0	0	0	0	0	0	0	0	0	0	0	0	4	0	1	0	1	0	1	2
214	C11H11N5	27	28	13	2	2	1	0	12	11	11	5	0	0	0	0	0	0	0	0	0	0	0	0	0	2	0	0	0	0	0	0	1
215	C17H25N	43	45	6	3	3	0	0	6	25	17	1	0	0	0	0	0	0	0	0	0	0	0	0	0	3	0	0	0	0	0	0	1
216	C15H10O2	27	29	14	3	4	2	0	12	10	15	0	2	0	0	0	0	0	0	0	0	0	0	0	1	2	0	0	1	0	0	0	2
217	C16H20N2	38	39	12	2	2	0	0	12	20	16	2	0	0	0	0	0	0	0	0	0	0	0	0	0	2	0	0	0	0	0	0	1
218	C12H12O3N2	29	30	9	2	2	3	0	6	12	12	2	3	0	0	0	0	0	0	0	0	0	0	0	0	2	0	0	0	0	0	0	1
219	C20H14O4	38	41	19	4	5	1	0	18	14	20	0	4	0	0	0	0	0	0	0	0	0	0	0	1	3	0	0	1	0	0	0	3
220	C18H16O3	37	39	14	3	4	2	0	12	16	18	0	3	0	0	0	0	0	0	0	0	0	0	0	0	3	0	0	0	1	0	0	2
221	C11H11NO2	25	26	8	2	2	2	0	6	11	11	1	2	0	0	0	0	0	0	0	0	0	0	0	1	1	0	0	0	0	0	0	1
222	C19H20O2N2	43	45	14	3	3	2	0	12	20	19	2	2	0	0	0	0	0	0	0	0	0	0	0	1	2	0	0	0	0	0	0	2
223	C9H13NO2	25	25	6	1	1	0	0	6	13	9	1	2	0	0	0	0	0	0	0	0	0	0	0	0	1	0	0	0	0	0	0	1
224	C9H13NO	24	24	6	1	1	0	0	6	13	9	1	1	0	0	0	0	0	0	0	0	0	0	0	0	1	0	0	0	0	0	0	1
225	C17H21NO	40	41	12	2	2	0	0	12	21	17	1	1	0	0	0	0	0	0	0	0	0	0	0	0	2	0	0	0	0	0	0	2
226	C15H12O2N2	31	33	14	3	3	2	0	12	12	15	2	2	0	0	0	0	0	0	0	0	0	0	0	1	2	0	0	0	0	0	0	2
227	C14H20N2O2	38	39	10	2	3	0	0	10	20	14	2	2	0	0	0	0	0	0	0	0	0	0	0	1	1	0	0	1	0	0	0	1
228	C4H10N2	16	16	0	1	1	0	0	0	10	4	2	0	0	0	0	0	0	0	0	0	0	0	0	0	1	0	0	0	0	0	0	0
229	C6H8O7	21	20	3	0	0	3	0	0	8	6	0	7	0	0	0	0	0	0	0	0	0	0	0	0	0	0	0	0	0	0	0	0
230	C6H12O7	25	24	1	0	0	1	0	0	12	6	0	7	0	0	0	0	0	0	0	0	0	0	0	0	0	0	0	0	0	0	0	0
231	C21H28O5	54	57	4	4	10	4	0	0	28	21	0	5	0	0	0	0	0	0	0	0	0	0	0	1	3	0	0	1	2	0	0	0
232	C12H14O2N2	30	31	8	2	2	2	0	6	14	12	2	2	0	0	0	0	0	0	0	0	0	0	0	0	2	0	0	0	0	0	0	1
233	C13H19NSO4	38	38	9	1	1	3	0	6	19	13	1	4	0	1	0	0	0	0	0	0	0	0	0	0	1	0	0	0	0	0	0	1
234	C13H20N2O2	37	37	7	1	1	1	0	6	20	13	2	2	0	0	0	0	0	0	0	0	0	0	0	0	1	0	0	0	0	0	0	1
235	C12H19N3O	35	35	7	1	1	1	0	6	19	12	3	1	0	0	0	0	0	0	0	0	0	0	0	0	1	0	0	0	0	0	0	1
236	C20H24N3SCl	49	52	12	4	7	0	0	12	24	20	3	0	0	1	0	1	0	0	0	0	1	0	0	0	4	0	0	0	2	0	0	2
237	C17H20N2S	40	42	12	3	6	0	0	12	20	17	2	0	0	1	0	0	0	0	0	0	0	0	0	0	3	0	0	0	2	0	0	2
238	C22H29O2N	54	55	13	2	2	1	0	12	29	22	1	2	0	0	0	0	0	0	0	0	0	0	0	0	2	0	0	0	0	0	0	2
239	C7H10ON2S	21	21	3	1	1	3	0	0	10	7	2	1	0	1	0	0	0	0	0	0	0	0	0	0	1	0	0	0	0	0	0	0
240	C17H23ON3	44	45	12	2	2	0	0	12	23	17	3	1	0	0	0	0	0	0	0	0	0	0	0	0	2	0	0	0	0	0	0	1
241	C8H11NO3	23	23	6	1	1	0	0	6	11	8	1	3	0	0	0	0	0	0	0	0	0	0	0	0	1	0	0	0	0	0	0	0
242	C10H12N3O3ClS	30	31	9	2	3	3	0	6	12	10	3	3	0	1	0	1	0	0	0	0	1	0	0	0	2	0	0	0	1	0	0	1
243	C20H24N2O2	48	51	12	4	6	1	0	11	24	20	2	2	0	0	0	0	0	0	0	0	0	0	0	0	5	0	0	0	1	0	0	1
244	C13H22N4SO3	43	43	8	1	1	3	0	5	22	13	4	3	0	1	0	0	0	0	0	0	0	0	0	1	0	0	0	0	0	0	0	0
245	C33H40O9N2	84	89	18	6	16	2	0	16	40	33	2	9	0	0	0	0	0	0	0	0	0	0	0	1	5	0	0	2	2	0	0	2
246	C6H6O2	14	14	6	1	1	0	0	6	6	6	0	2	0	0	0	0	0	0	0	0	0	0	0	0	1	0	0	0	0	0	0	1
247	C8H12N4O5	29	30	6	2	2	1	0	5	12	8	4	5	0	0	0	0	0	0	0	0	0	0	0	2	0	0	0	0	0	0	0	0
248	C17H20N4O6	47	49	10	3	6	4	0	6	20	17	4	6	0	0	0	0	0	0	0	0	0	0	0	0	3	0	0	0	2	0	0	1
249	C18H34O3	55	54	2	0	0	2	0	0	34	18	0	3	0	0	0	0	0	0	0	0	0	0	0	0	0	0	0	0	0	0	0	0
250	C17H21NO3	42	43	12	2	2	0	0	12	21	17	1	3	0	0	0	0	0	0	0	0	0	0	0	0	2	0	0	0	0	0	0	2
251	C7H5O3NS	17	18	9	2	3	3	0	6	5	7	1	3	0	1	0	0	0	0	0	0	0	0	0	1	1	0	0	1	0	0	0	1
252	C7H7NO2	17	17	7	1	1	1	0	6	7	7	1	2	0	0	0	0	0	0	0	0	0	0	0	0	1	0	0	0	0	0	0	1
253	C17H21NO4	43	46	7	4	7	1	0	6	21	17	1	4	0	0	0	0	0	0	0	0	0	1	0	1	3	1	1	0	0	0	0	1
254	C12H18O3N2	35	35	4	1	1	4	0	0	18	12	2	3	0	0	0	0	0	0	0	0	0	0	0	0	1	0	0	0	0	0	0	0
255	C14H24O7N2	47	49	1	3	6	1	0	0	24	14	2	7	0	0	0	0	0	0	0	0	0	0	0	0	3	0	0	0	2	0	0	0
256	C24H32O4S	61	65	4	5	11	4	0	0	32	24	0	4	0	1	0	0	0	0	0	0	0	0	0	2	3	0	0	1	2	0	0	0
257	C13H12N2SO3	31	32	15	2	2	3	0	12	12	13	2	3	0	1	0	0	0	0	0	0	0	0	0	0	2	0	0	0	0	0	0	2
258	C8H10O3N2S	24	24	9	1	1	3	0	6	10	8	2	3	0	1	0	0	0	0	0	0	0	0	0	0	1	0	0	0	0	0	0	1
259	C12H14O4N4S	35	36	14	2	2	2	0	12	14	12	4	4	0	1	0	0	0	0	0	0	0	0	0	0	2	0	0	0	0	0	0	1
260	C10H11N3SO3	28	29	13	2	2	2	0	11	11	10	3	3	0	1	0	0	0	0	0	0	0	0	0	1	1	0	0	0	0	0	0	1
261	C18H14O5N4S	42	44	22	3	3	4	0	18	14	18	4	5	0	1	0	0	0	0	0	0	0	0	0	0	3	0	0	0	0	0	0	2
262	C9H9N3S2O2	25	26	13	2	2	2	0	11	9	9	3	2	0	2	0	0	0	0	0	0	0	0	0	1	1	0	0	0	0	0	0	1
263	C11H13N3O3S	31	32	13	2	2	2	0	11	13	11	3	3	0	1	0	0	0	0	0	0	0	0	0	1	1	0	0	0	0	0	0	1
264	C20H17O3FS	42	44	16	3	4	4	0	12	17	20	0	3	0	1	1	0	0	0	0	0	1	0	0	1	2	0	0	1	0	0	0	2
265	C16H13N2O2Cl	34	36	14	3	4	2	0	12	13	16	2	2	0	0	0	1	0	0	0	0	1	0	0	0	2	1	0	0	0	1	0	2
266	C12H19NO3	35	35	6	1	1	0	0	6	19	12	1	3	0	0	0	0	0	0	0	0	0	0	0	0	1	0	0	0	0	0	0	1
267	C10H20O2	32	32	0	1	1	0	0	0	20	10	0	2	0	0	0	0	0	0	0	0	0	0	0	0	1	0	0	0	0	0	0	0
268	C7H8N4O2	21	22	7	2	3	2	0	5	8	7	4	2	0	0	0	0	0	0	0	0	0	0	0	1	1	0	0	1	0	0	0	0
269	C12H17N4SO	35	36	11	2	2	0	0	11	17	12	4	1	0	1	0	0	0	0	0	0	0	0	0	1	1	0	0	0	0	0	0	0
270	C5H5N5S	16	17	7	2	3	2	0	5	5	5	5	0	0	1	0	0	0	0	0	0	0	0	0	1	1	0	0	1	0	0	0	0
271	C11H18O2N2S	34	34	3	1	1	3	0	0	18	11	2	2	0	1	0	0	0	0	0	0	0	0	0	0	1	0	0	0	0	0	0	0
272	C21H26S2N2	51	54	12	4	7	0	0	12	26	21	2	0	0	2	0	0	0	0	0	0	0	0	0	0	4	0	0	0	2	0	0	2
273	C6H12SPN3	23	25	1	3	3	1	0	0	12	6	3	0	1	1	0	0	0	0	0	0	0	3	0	0	0	0	0	0	0	0	0	0
274	C15H16S2N2O6	41	43	9	3	4	4	0	5	16	15	2	6	0	2	0	0	0	0	0	0	0	0	1	2	0	1	0	0	0	0	0	0
275	C14H18O3N4	39	40	12	2	2	0	0	12	18	14	4	3	0	0	0	0	0	0	0	0	0	0	0	0	2	0	0	0	0	0	0	1
276	C18H37O9N5	69	71	0	3	3	0	0	0	37	18	5	9	0	0	0	0	0	0	0	0	0	0	0	0	3	0	0	0	0	0	0	0
277	C14H21SO3N3	42	43	9	2	2	3	0	6	21	14	3	3	0	1	0	0	0	0	0	0	0	0	0	0	1	1	0	0	0	0	0	1
278	C12H18N2O3S	36	36	9	1	1	3	0	6	18	12	2	3	0	1	0	0	0	0	0	0	0	0	0	0	1	0	0	0	0	0	0	1
279	C15H15NO3	34	35	13	2	2	2	0	11	15	15	1	3	0	0	0	0	0	0	0	0	0	0	0	1	1	0	0	0	0	0	0	1
280	C7H8	15	15	6	1	1	0	0	6	8	7	0	0	0	0	0	0	0	0	0	0	0	0	0	0	1	0	0	0	0	0	0	1
281	C12H11N7	30	32	17	3	4	0	0	17	11	12	7	0	0	0	0	0	0	0	0	0	0	0	0	0	3	0	0	0	1	0	0	1
282	C8H8N3S2O4Cl3	28	29	10	2	3	4	0	6	8	8	3	4	0	2	0	3	0	0	0	0	3	0	0	0	2	0	0	0	1	0	0	1
283	C21H24N3SF3	52	55	12	4	7	0	0	12	24	21	3	0	0	1	3	0	0	0	0	0	3	0	0	0	4	0	0	0	2	0	0	2
284	C6H9NO3	19	19	2	1	1	2	0	0	9	6	1	3	0	0	0	0	0	0	0	0	0	0	0	1	0	0	0	0	0	0	0	0
285	C21H28O5N2	56	57	13	2	2	1	0	12	28	21	2	5	0	0	0	0	0	0	0	0	0	0	0	0	2	0	0	0	0	0	0	2
286	C16H21N3	40	41	12	2	2	0	0	12	21	16	3	0	0	0	0	0	0	0	0	0	0	0	0	0	2	0	0	0	0	0	0	1
287	C19H22N2	43	45	13	3	3	1	0	12	22	19	2	0	0	0	0	0	0	0	0	0	0	0	0	1	2	0	0	0	0	0	0	1
288	C15H18O3NI3	40	40	8	1	1	2	0	6	18	15	1	3	0	0	0	0	0	3	0	0	3	0	0	0	1	0	0	0	0	0	0	1
289	C8H16O2	26	25	1	0	0	1	0	0	16	8	0	2	0	0	0	0	0	0	0	0	0	0	0	0	0	0	0	0	0	0	0	0
290	C20H30O	51	51	5	1	1	5	0	0	30	20	0	1	0	0	0	0	0	0	0	0	0	0	0	0	1	0	0	0	0	0	0	0
291	C19H16O4	39	41	15	3	4	3	0	12	16	19	0	4	0	0	0	0	0	0	0	0	0	0	0	0	3	0	0	0	1	0	0	2
292	C16H24N2	42	43	7	2	2	1	0	6	24	16	2	0	0	0	0	0	0	0	0	0	0	0	0	1	1	0	0	0	0	0	0	1
